编号,原型路由,页面/状态,性质,关键点
E01,home,首页收益产品入口,原截图+插入,不改变原有任何业务组件
E02,me,我的资产收益入口,原截图+插入,收益本金与钱包可用分别展示
E03,more,更多功能收益中心,原截图+插入,原网格空位加一枚图标
P01,products,收益中心 / 三档产品,新页面,90/180/365与净目标年化
P02,product/:days,产品详情与收益试算,新页面,单利ACT/365；净收益
P03,eligibility,资格与资金构成,新页面,已结算购U/外部/预留/待入账/赎回款区别
P04,subscribe/:days,申购金额 / 资金来源,新页面,合资格余额或全额法币购U；不混合扣款
P05,review,申购条款确认,新页面,主动勾选；文件版本；拟起止日期
P06,order/:id,申购待受理,新状态,金额预留，不立即成为持仓
P07,order/:id,申购受理成功,新状态,一次性建立持仓
P08,order/:id,申购拒绝,新状态,释放预留
P09,order/:id,取消确认/取消完成,弹层与状态,仅受理前
H01,holdings,持仓总览,新页面,持有/到期/已赎回分类
H02,holding/:id,持仓详情,新页面,期限进度与目标计提曲线
H03,income/:id,每日收益明细,新页面,估计/确认/已付分列，CSV导出
H04,receipt/:id,申购确认凭证,新页面,交易及文件版本，JSON导出
H05,chain/:id,链上记录,新页面,无真实哈希不生成假验证链接
M01,maturity/:id,到期安排,新页面,不自动续投，回钱包
M02,early/:id,提前退出规则,新页面,无常规提前赎回；例外联系客服
M03,redeem/:id,到期结算申请,新页面,本金/估计收益/去向
M04,settlement/:id,结算处理中,新状态,不增加钱包可用
M05,settlement/:id,结算失败/重试,新状态,不丢失持仓，不重复付款
M06,settlement/:id,结算成功/实际入账,新状态,实际收益可以低于目标
C01,card-quote/:id,原卡充值衔接/报价,流程示意,不替换原Cards页面
C02,card-quote/:id,报价过期/重新获取,弹层状态,报价过期无扣款
C03,card-result/:id,渠道处理中,新状态,预留USDT，不加卡余额
C04,card-result/:id,渠道成功/失败,新状态,幂等；失败释放原资金来源
R01,activity,活动记录/分类,新页面,只含本模块，不替换原历史
R02,event/:id,单笔事件详情,新页面,预留/受理/入账轨迹
D01,memo,双语说明书目录,新页面,复用V8同一v1.0内容
D02,memo/:chapter,说明书九章,阅读页面,中文英文原文及PDF下载
D03,rules,规则/风险摘要,新页面,不虚构新的收益承诺
D04,support,支持与帮助,新页面,复用info@gexfi.com
B02,bridge/kyc,认证衔接,保留现有页面,不重建客户资料
B03,bridge/wallet,钱包衔接,保留现有页面,实际结算后返回
B04,bridge/card,原卡页面衔接,保留现有页面,原银联卡底部入口不改
X01,demo controls,仅外部USDT/未认证/首次客户,演示场景,不可上线演示控制
F01,buy/:days,购U报价与付款方式,新页面,CNY总额、USDT数量、价差、费用、到期、报价确认
F02,checkout/:id,扫码 / 同机打开收银台,新页面,非付款示意QR、状态查询、订单恢复、取消请求
F03,buy-order/:id,购U订单详情 / 状态时间线,新页面,PAY/BUY/SUB关联；付款不等于购U或投资成功
F04,buy-order/:id,到账核对 / 财务放行 / 执行,新状态,分段控账，不抢跑可用余额
F05,buy-order/:id,购U已完成 / 继续确认申购,新状态,另行文件确认，不自动投资
F06,payments,购U与付款记录,新页面,只新增记录，不替代原全平台历史
F07,payment-unavailable,市场或渠道不可用,新页面,不收款，不提供其他绕过路径
F08,buy-order/:id,取消途中/超时后迟到款,新状态,待核对及原路退款，不新建投资
F09,buy-order/:id,金额不符 / 未成交 / 退款,新状态,核对与原路退款，不误记USDT
F10,buy/:days,报价过期 / 重新确认,弹层与状态,不能沿用过期报价扣款
